"","gene","CvDep","CvPTSD","CvPTSDDep","CTEvDep","CTEvPTSD","CTEvPTSDDEP"
"1","SLC38A2","Over","Over","Over","Over","Over","Over"
"2","BASP1","Under","Under","Under","Under","Under","Under"
"3","SUCLG2","Over","Under","Over","Over","Over","Over"
"4","PIK3AP1","Over","Under","Over","Over","Over","Over"
"5","RPS27","Over","Over","Over","Over","Under","Under"
"6","RBIS","Over","Over","Over","Over","Under","Under"
"7","RAX2","Over","Under","Over","Under","Under","Over"
"8","UBL7","Over","Over","Over","Over","Over","Over"
"9","PTPRC","Under","Under","Under","Under","Under","Under"
"10","COX6C","Over","Over","Over","Over","Over","Under"
"11","HMGB2","Under","Under","Under","Under","Under","Under"
"12","ITGB2","Under","Under","Under","Under","Under","Under"
"13","EPB41L4A-AS1","Over","Over","Under","Over","Over","Under"
"14","LSP1","Under","Under","Under","Under","Under","Under"
"15","RPS25","Over","Over","Over","Over","Over","Under"
"16","CDC14A","Over","Over","Over","Over","Over","Over"
"17","SPDYE7P","Under","Under","Under","Under","Under","Over"
"18","TRPA1","Over","Over","Over","Over","Over","Over"
"19","RPL24","Over","Over","Over","Over","Over","Under"
"20","MDH1","Under","Over","Over","Under","Under","Under"
"21","MAGEL2","Over","Over","Under","Over","Over","Over"
"22","RPL6","Over","Over","Over","Under","Over","Under"
"23","DYNLRB1","Under","Over","Under","Under","Over","Under"
"24","RPL7","Over","Over","Over","Over","Over","Over"
"25","RARA","Under","Under","Under","Under","Under","Under"
"26","ADRA2A","Over","Under","Under","Over","Under","Under"
"27","RPL31","Over","Over","Over","Over","Under","Under"
"28","BTF3","Over","Over","Over","Over","Over","Over"
"29","SLC25A26","Over","Over","Over","Over","Over","Over"
"30","PLIN3","Under","Under","Under","Under","Under","Under"
"31","RPS27","Over","Over","Over","Over","Over","Over"
"32","CRLF3","Under","Under","Under","Under","Under","Under"
"33","TASOR","Over","Under","Under","Over","Under","Under"
"34","FLOT1","Under","Under","Under","Under","Under","Under"
"35","ANK3","Over","Under","Under","Over","Under","Under"
"36","ZNF326","Over","Over","Over","Over","Over","Over"
"37","GFRA4","Over","Under","Under","Over","Under","Under"
"38","CXCR1","Under","Under","Under","Under","Under","Under"
"39","LPAR2","Over","Under","Over","Over","Under","Over"
"40","RPF2","Under","Over","Under","Under","Under","Under"
"41","RPS17","Over","Over","Over","Over","Over","Under"
"42","EFR3A","Over","Over","Over","Over","Over","Over"
"43","SPCS1","Under","Over","Under","Under","Under","Under"
"44","EFNA4","Over","Under","Under","Over","Under","Under"
"45","TP53I13","Over","Over","Over","Over","Over","Under"
"46","MIS18BP1","Over","Over","Over","Over","Over","Over"
"47","SRRD","Over","Over","Over","Over","Over","Over"
"48","CAMK2A","Over","Over","Over","Over","Over","Over"
"49","PREPL","Over","Over","Over","Over","Under","Under"
"50","EPB41","Under","Over","Under","Under","Over","Over"
"51","FCN1","Under","Under","Under","Under","Under","Under"
"52","RGS10","Over","Over","Over","Over","Over","Over"
"53","ACP1","Under","Over","Over","Over","Over","Over"
"54","ICOS","Over","Over","Over","Over","Over","Over"
"55","FAM156A","Over","Over","Over","Over","Over","Over"
"56","MXI1","Under","Over","Over","Under","Over","Over"
"57","UXT","Over","Over","Under","Over","Over","Over"
"58","HSD17B7","Over","Under","Over","Under","Under","Over"
"59","PROS1","Over","Over","Over","Over","Over","Over"
"60","ATP5PB","Under","Over","Under","Under","Over","Under"
"61","SP110","Under","Under","Over","Under","Under","Under"
"62","IFITM2","Under","Under","Under","Under","Under","Under"
"63","LINC01720","Over","Under","Over","Under","Under","Under"
"64","UBE2H","Under","Over","Over","Under","Over","Over"
"65","UBE4B","Over","Under","Over","Over","Under","Over"
"66","STK26","Over","Over","Over","Over","Over","Over"
"67","RALB","Under","Under","Under","Under","Under","Under"
"68","WDFY1","Over","Over","Over","Over","Over","Over"
"69","LINC01618","Under","Over","Over","Over","Over","Over"
"70","ARL17A","Over","Under","Under","Over","Under","Under"
"71","ARHGAP33","Over","Under","Under","Over","Under","Under"
"72","TGM2","Under","Over","Under","Over","Over","Over"
"73","GSTP1","Over","Under","Under","Over","Under","Under"
"74","SLC25A23","Over","Over","Over","Over","Over","Over"
"75","USP49","Over","Under","Over","Under","Under","Over"
"76","SASS6","Over","Under","Under","Over","Under","Under"
"77","ALOX5","Under","Under","Under","Under","Under","Under"
"78","ICAM4","Over","Over","Over","Over","Over","Over"
"79","RCOR3","Over","Over","Over","Over","Over","Over"
"80","PGAM4","Under","Under","Under","Over","Under","Under"
"81","SMG6","Over","Under","Under","Over","Under","Under"
"82","RPL35","Over","Over","Over","Over","Over","Over"
"83","RPL7A","Over","Over","Under","Over","Over","Under"
"84","SSBP3","Under","Over","Over","Over","Over","Over"
"85","SNRPG","Over","Over","Over","Over","Under","Under"
"86","RPL23A","Over","Over","Over","Under","Over","Under"
"87","TNFSF12","Over","Over","Over","Over","Under","Under"
"88","TPI1P2","Under","Under","Under","Over","Under","Under"
"89","MYL4","Over","Over","Over","Over","Over","Over"
"90","ITGAM","Under","Under","Under","Under","Under","Under"
"91","RPL36","Over","Over","Over","Over","Over","Under"
"92","RPS7","Over","Over","Over","Over","Over","Over"
"93","CHD4","Over","Under","Under","Over","Under","Under"
"94","B4GALT5","Under","Under","Under","Under","Under","Under"
"95","HMBS","Over","Over","Over","Over","Over","Over"
"96","RPS10","Over","Over","Over","Over","Over","Over"
"97","ZNF576","Over","Under","Under","Over","Under","Under"
"98","RRP7A","Under","Under","Under","Under","Under","Under"
"99","ARL5A","Over","Over","Over","Over","Under","Over"
"100","HMGN2","Under","Under","Under","Under","Under","Under"
"101","SF3B5","Over","Over","Over","Over","Over","Over"
"102","MINDY1","Over","Under","Over","Under","Under","Over"
"103","RPLP1","Over","Over","Over","Over","Over","Over"
"104","PPM1A","Under","Over","Under","Under","Over","Under"
"105","STAT2","Over","Under","Over","Over","Under","Over"
"106","TMX1","Over","Over","Over","Over","Over","Over"
"107","CXXC1","Over","Under","Under","Over","Under","Under"
"108","NNAT","Over","Under","Under","Under","Under","Under"
"109","AKAP5","Over","Under","Over","Under","Under","Over"
"110","ZNF14","Over","Under","Over","Over","Under","Over"
"111","TMBIM6","Under","Under","Under","Under","Under","Under"
"112","GRM2","Over","Under","Under","Over","Under","Under"
"113","ALPP","Over","Under","Over","Under","Under","Under"
"114","SESN3","Over","Over","Over","Over","Over","Over"
"115","EIF3K","Over","Over","Over","Over","Over","Over"
"116","CA4","Under","Under","Under","Under","Under","Under"
"117","ZNF32","Over","Over","Under","Under","Over","Under"
"118","TOMM6","Over","Over","Over","Over","Over","Over"
"119","BICRAL","Over","Under","Over","Over","Under","Over"
"120","ROPN1L","Under","Under","Under","Under","Under","Under"
"121","STYX","Over","Over","Over","Over","Over","Over"
"122","TPM3","Under","Under","Under","Under","Under","Under"
"123","ATP6AP1","Under","Under","Under","Under","Under","Under"
"124","TRIM17","Over","Over","Under","Over","Under","Under"
"125","DBNL","Under","Under","Under","Under","Under","Under"
"126","RPL15","Over","Over","Over","Over","Over","Under"
"127","VDAC2","Under","Over","Under","Under","Over","Under"
"128","HCST","Under","Under","Under","Under","Under","Under"
"129","UBFD1","Over","Over","Over","Over","Over","Over"
"130","STRADB","Under","Over","Over","Over","Over","Over"
"131","ALPL","Under","Under","Under","Under","Under","Under"
"132","PCDHGB6","Over","Over","Under","Over","Over","Over"
"133","HNRNPK","Under","Under","Under","Under","Over","Under"
"134","ZYX","Under","Under","Under","Under","Under","Under"
"135","SNCA","Under","Over","Over","Over","Over","Over"
"136","ASTN1","Over","Under","Under","Over","Under","Under"
"137","SH3BGRL","Over","Over","Over","Over","Over","Over"
"138","MARCHF2","Over","Over","Over","Over","Over","Over"
"139","ARHGEF2","Under","Under","Under","Under","Under","Under"
"140","SF3B6","Over","Over","Under","Over","Over","Under"
"141","ERI3","Over","Under","Under","Over","Under","Under"
"142","PGAM4","Under","Under","Under","Under","Under","Under"
"143","YTHDC1","Over","Over","Over","Over","Under","Over"
"144","EIF3A","Over","Under","Over","Over","Over","Over"
"145","NCOA3","Over","Under","Over","Over","Under","Over"
"146","PDCD10","Under","Over","Over","Over","Over","Over"
"147","PSMA1","Under","Over","Under","Under","Under","Under"
"148","RAC2","Under","Under","Under","Under","Under","Under"
"149","TMEM181","Over","Over","Over","Over","Over","Over"
"150","ENO1","Under","Under","Under","Under","Under","Under"
"151","YPEL5","Under","Over","Over","Over","Over","Over"
"152","UQCRBP1","Over","Over","Over","Over","Over","Over"
"153","PFN1","Under","Under","Under","Under","Over","Under"
"154","MRPL3","Under","Over","Under","Under","Over","Under"
"155","ZNF786","Over","Under","Over","Under","Under","Over"
"156","ADAM19","Under","Under","Under","Under","Under","Under"
"157","UBE2J1","Under","Under","Over","Over","Over","Over"
"158","LITAF","Under","Under","Under","Under","Under","Under"
"159","MAF1","Under","Over","Over","Over","Over","Over"
"160","AQP9","Under","Under","Under","Under","Under","Under"
"161","PTPN7","Over","Under","Under","Over","Under","Under"
"162","TFAM","Over","Over","Over","Over","Over","Over"
"163","NEIL2","Over","Over","Over","Over","Over","Over"
"164","RPL32","Over","Over","Over","Over","Over","Over"
"165","ISCA1","Under","Over","Over","Under","Over","Over"
"166","FBXO7","Under","Over","Under","Under","Over","Under"
"167","RPL15","Over","Over","Over","Over","Over","Under"
"168","AK2","Under","Under","Under","Under","Under","Under"
"169","NLRP12","Under","Under","Under","Under","Under","Under"
"170","PTPN6","Over","Over","Over","Over","Over","Over"
"171","PPM1B","Over","Over","Over","Over","Under","Over"
"172","C1QL1","Over","Over","Over","Over","Over","Over"
"173","IGBP1","Over","Over","Under","Over","Over","Under"
"174","MMP25","Under","Under","Under","Under","Under","Under"
"175","CCT8","Under","Over","Under","Under","Over","Under"
"176","FAM217B","Under","Under","Over","Over","Under","Over"
"177","CNKSR1","Over","Under","Under","Over","Under","Under"
"178","LSM3","Over","Over","Under","Under","Over","Under"
"179","MSRB1","Under","Under","Under","Under","Under","Under"
"180","NCBP2","Over","Over","Under","Over","Over","Under"
"181","OSBPL7","Under","Under","Over","Under","Under","Under"
"182","TAF10","Over","Over","Over","Over","Over","Over"
"183","MAGT1","Over","Under","Over","Under","Under","Over"
"184","ATP5PB","Under","Over","Under","Under","Over","Under"
"185","DUSP19","Over","Under","Over","Under","Under","Under"
"186","GJC2","Over","Under","Under","Over","Under","Under"
"187","RPL36A","Over","Over","Over","Over","Over","Over"
"188","GSTK1","Under","Over","Over","Over","Over","Over"
"189","TBCA","Over","Over","Under","Over","Over","Under"
"190","ATP5ME","Over","Over","Over","Over","Over","Over"
"191","RSC1A1","Under","Over","Over","Under","Over","Over"
"192","OR51S1","Over","Over","Over","Over","Over","Over"
"193","EWSR1","Over","Under","Over","Over","Under","Over"
"194","FIBCD1","Over","Under","Under","Over","Under","Under"
"195","MPC2","Over","Over","Over","Over","Over","Over"
"196","CHPT1","Over","Over","Over","Over","Over","Over"
"197","CENPV","Over","Over","Over","Over","Over","Over"
"198","INO80C","Under","Over","Under","Under","Over","Under"
"199","MALT1","Under","Over","Over","Over","Over","Over"
"200","STRAP","Over","Over","Over","Over","Over","Over"
"201","SP110","Under","Over","Over","Under","Under","Over"
"202","RPL22","Over","Over","Over","Over","Over","Under"
"203","MPP1","Under","Over","Over","Under","Over","Over"
"204","FKBP8","Over","Over","Over","Over","Over","Over"
"205","UBL7","Under","Over","Over","Over","Over","Over"
"206","KLF6","Under","Under","Under","Under","Under","Under"
"207","ZSWIM4","Over","Under","Under","Over","Under","Under"
"208","YRDC","Over","Under","Over","Under","Under","Under"
"209","LIAS","Under","Over","Over","Over","Over","Over"
"210","BCL6","Over","Under","Over","Over","Under","Over"
"211","KLF6","Under","Under","Under","Under","Under","Under"
"212","OXR1","Over","Over","Over","Over","Over","Over"
"213","RPL15","Over","Over","Over","Over","Over","Under"
"214","NUP62","Under","Under","Under","Under","Under","Under"
"215","GTF2H5","Under","Over","Under","Over","Over","Under"
"216","RHOG","Under","Under","Under","Under","Under","Under"
"217","FAM117B","Over","Over","Over","Over","Over","Over"
"218","RPS11","Over","Over","Under","Over","Over","Over"
"219","SLTM","Over","Over","Over","Over","Over","Over"
"220","BCL2L1","Under","Over","Under","Under","Over","Under"
"221","POLR1D","Under","Over","Over","Under","Over","Over"
"222","TAPBP","Under","Under","Over","Under","Under","Over"
"223","TUBA1A","Under","Under","Under","Under","Under","Under"
"224","ETFRF1","Over","Over","Under","Over","Over","Under"
"225","ZNRF4","Over","Over","Over","Over","Over","Over"
"226","BECN1","Under","Over","Under","Under","Over","Under"
"227","RPS25","Over","Over","Over","Over","Over","Under"
"228","FAM219A","Over","Under","Under","Over","Under","Under"
"229","WTAP","Under","Over","Under","Under","Over","Over"
"230","ATG10","Over","Under","Over","Over","Under","Over"
"231","REXO2","Over","Over","Over","Over","Over","Over"
"232","NECAP2","Over","Over","Over","Over","Over","Over"
"233","PSAP","Under","Under","Under","Under","Under","Under"
"234","RNF213","Over","Over","Over","Over","Over","Over"
"235","ZNHIT3","Over","Over","Under","Under","Under","Under"
"236","S100A11","Under","Under","Under","Under","Under","Under"
"237","GADD45GIP1","Over","Over","Over","Over","Over","Over"
"238","DHPS","Over","Over","Over","Over","Over","Over"
"239","NAMPT","Under","Under","Under","Under","Under","Under"
"240","RPS18","Over","Over","Over","Over","Over","Under"
"241","SLC35C2","Over","Over","Over","Over","Over","Over"
"242","EIF2AK4","Over","Under","Over","Over","Under","Over"
"243","RPL23","Over","Over","Over","Over","Over","Under"
"244","PGK1","Under","Under","Under","Under","Under","Under"
"245","MFSD11","Over","Under","Over","Over","Under","Over"
"246","CLIC1","Under","Over","Under","Under","Over","Under"
"247","EPHA8","Over","Under","Under","Over","Under","Under"
"248","PABPC4","Under","Over","Under","Under","Under","Under"
"249","UBE2H","Under","Over","Over","Under","Over","Over"
"250","TNFSF13B","Under","Under","Under","Under","Under","Over"
"251","VNN2","Under","Under","Under","Under","Under","Under"
"252","DHFR","Over","Under","Over","Under","Under","Over"
"253","SRGN","Under","Under","Under","Under","Under","Under"
"254","SRSF9","Under","Over","Under","Under","Under","Under"
"255","PDE4C","Under","Under","Over","Under","Under","Over"
"256","ALG13","Under","Over","Over","Over","Over","Over"
"257","CHD9","Over","Over","Over","Over","Over","Over"
"258","APPL1","Over","Over","Over","Over","Over","Over"
"259","SMU1","Over","Under","Under","Over","Under","Under"
"260","SACM1L","Over","Under","Over","Over","Under","Over"
"261","RPL38","Over","Over","Over","Under","Over","Under"
"262","HLA-E","Under","Under","Over","Under","Under","Under"
"263","ADGRG3","Under","Under","Under","Over","Over","Under"
"264","PDCD10","Over","Over","Over","Over","Over","Over"
"265","MOSPD2","Under","Under","Under","Under","Under","Under"
"266","SUPT4H1","Under","Over","Over","Under","Over","Over"
"267","WBP11","Over","Under","Under","Under","Under","Under"
"268","STOM","Under","Under","Under","Over","Over","Over"
"269","PSMB8","Under","Over","Under","Under","Under","Under"
"270","POLR1D","Over","Over","Over","Over","Over","Over"
"271","BIRC2","Under","Over","Under","Under","Over","Over"
"272","MAN2B2","Under","Under","Over","Under","Under","Over"
"273","RPL9","Over","Over","Over","Over","Over","Over"
"274","CNBP","Under","Over","Under","Under","Over","Under"
"275","H3-5","Under","Under","Under","Under","Under","Under"
"276","ANAPC10","Under","Over","Under","Under","Under","Under"
"277","SLC44A2","Under","Under","Under","Under","Under","Under"
"278","SSTR2","Over","Under","Over","Under","Under","Under"
"279","FGD3","Over","Under","Over","Over","Under","Over"
"280","SRSF8","Under","Over","Over","Over","Over","Over"
"281","ATP5PF","Over","Over","Over","Under","Over","Under"
"282","ATP6V0C","Under","Over","Over","Over","Over","Over"
"283","HIGD2A","Over","Over","Under","Under","Over","Under"
"284","RPL34","Over","Over","Over","Over","Over","Over"
"285","RPL35","Over","Over","Over","Over","Over","Over"
"286","EIF4H","Under","Under","Under","Under","Under","Under"
"287","TBCEL","Under","Over","Over","Under","Over","Over"
"288","GIMAP7","Over","Over","Over","Under","Under","Under"
"289","ADAR","Over","Under","Over","Over","Under","Over"
"290","ACTB","Under","Under","Under","Under","Over","Under"
"291","COMMD6","Over","Over","Over","Over","Over","Under"
"292","HLA-B","Under","Under","Under","Under","Under","Under"
"293","IL18","Under","Under","Over","Over","Under","Over"
"294","FAN1","Over","Over","Over","Over","Over","Over"
"295","ZNF467","Under","Under","Under","Under","Under","Under"
"296","PGK1","Under","Under","Under","Under","Under","Under"
"297","CHP1","Under","Under","Under","Under","Over","Under"
"298","MROH8","Over","Over","Over","Over","Over","Over"
"299","LYN","Under","Under","Under","Under","Under","Under"
"300","IGSF11","Over","Under","Under","Over","Under","Under"
"301","OSBP2","Under","Under","Over","Under","Over","Over"
"302","TLCD4","Under","Over","Over","Over","Over","Over"
"303","VIM","Under","Under","Under","Under","Under","Under"
"304","CCDC15","Over","Over","Over","Over","Over","Over"
"305","RBBP4","Under","Under","Under","Under","Under","Under"
"306","LIPJ","Over","Over","Over","Over","Over","Over"
"307","LILRB3","Under","Under","Under","Under","Under","Under"
"308","MICAL2","Under","Over","Under","Under","Over","Over"
"309","LMOD3","Over","Under","Over","Under","Under","Over"
"310","TMEM258","Over","Over","Over","Over","Over","Under"
"311","RPL35","Over","Over","Over","Over","Over","Under"
"312","HSPA1A","Under","Under","Under","Under","Under","Under"
"313","TMEM145","Over","Under","Under","Over","Under","Under"
"314","CFLAR","Under","Under","Over","Under","Under","Over"
"315","SLC30A7","Over","Under","Over","Over","Under","Over"
"316","CIDECP1","Under","Over","Over","Over","Over","Over"
"317","CRISPLD2","Over","Under","Under","Under","Under","Under"
"318","VPS28","Over","Over","Over","Over","Over","Over"
"319","ATP5PO","Over","Over","Under","Under","Over","Under"
"320","ZNF787","Under","Under","Under","Under","Under","Under"
"321","ITGA7","Over","Under","Under","Under","Under","Under"
"322","EDRF1","Over","Over","Over","Over","Over","Over"
"323","HCK","Under","Under","Under","Under","Under","Under"
"324","ARPC2","Under","Under","Under","Under","Under","Under"
"325","STX7","Under","Over","Over","Over","Over","Over"
"326","JAK1","Under","Under","Under","Under","Under","Under"
"327","TFDP2","Under","Over","Over","Over","Over","Over"
"328","MXI1","Under","Over","Over","Under","Over","Over"
"329","PGD","Under","Under","Under","Under","Under","Under"
"330","KDM2B","Over","Over","Over","Over","Over","Over"
"331","ATP5PD","Under","Over","Under","Under","Under","Under"
"332","PTGER4","Over","Over","Over","Over","Over","Over"
"333","MMP9","Under","Under","Under","Under","Under","Under"
"334","MAP1S","Over","Over","Over","Over","Over","Over"
"335","NCF2","Under","Under","Under","Under","Under","Over"
"336","PPP3R1","Under","Over","Over","Under","Over","Over"
"337","CAP1","Under","Under","Under","Under","Under","Under"
"338","MCM8","Over","Under","Over","Under","Under","Over"
"339","USP4","Over","Under","Under","Under","Under","Under"
"340","LSP1","Over","Under","Under","Over","Under","Under"
"341","CAPZB","Under","Under","Under","Under","Under","Under"
"342","SNRPB","Under","Under","Under","Under","Under","Under"
"343","SAMD9L","Under","Under","Over","Under","Under","Over"
"344","RILP","Over","Over","Over","Over","Over","Over"
"345","CXCR4","Under","Over","Under","Under","Under","Under"
"346","VPS36","Over","Over","Over","Over","Over","Over"
"347","MCL1","Over","Under","Over","Over","Under","Over"
"348","LPCAT3","Over","Under","Under","Over","Under","Under"
"349","DLGAP1","Over","Under","Under","Under","Under","Under"
"350","PPA1","Under","Over","Over","Under","Over","Under"
"351","CHD8","Under","Over","Over","Over","Over","Over"
"352","LDHA","Under","Under","Under","Under","Under","Under"
"353","IFI30","Under","Under","Under","Under","Under","Under"
"354","MBNL1","Over","Over","Over","Over","Over","Over"
"355","PADI4","Under","Under","Under","Under","Under","Under"
"356","HINT1","Over","Over","Over","Over","Over","Over"
"357","KCNJ10","Over","Over","Over","Over","Over","Over"
"358","RHBDD2","Under","Under","Under","Under","Under","Under"
"359","SSBP1","Over","Over","Under","Under","Over","Under"
"360","TDRD1","Over","Under","Over","Over","Under","Under"
"361","DYSF","Under","Under","Under","Under","Under","Under"
"362","ARHGEF12","Over","Over","Over","Over","Over","Over"
"363","NIBAN1","Under","Under","Over","Under","Under","Over"
"364","MTDH","Over","Under","Over","Over","Over","Over"
"365","BMP2K","Over","Over","Over","Over","Over","Over"
"366","COPA","Under","Under","Over","Over","Under","Over"
"367","MED25","Over","Over","Over","Over","Over","Under"
"368","NDUFS4","Over","Over","Over","Under","Over","Under"
"369","PRPSAP2","Under","Over","Under","Under","Over","Over"
"370","OR4D6","Over","Over","Over","Over","Over","Over"
"371","ATF6B","Over","Over","Over","Over","Over","Over"
"372","POTEKP","Under","Under","Under","Under","Over","Under"
"373","SERINC3","Under","Over","Over","Under","Over","Over"
"374","EIF5","Under","Over","Over","Under","Over","Over"
"375","MTRNR2L1","Over","Over","Over","Over","Over","Over"
"376","PDK3","Over","Under","Over","Over","Under","Over"
"377","TNRC6C","Over","Over","Over","Over","Over","Over"
"378","DLEU1","Over","Over","Over","Under","Over","Over"
"379","DPCD","Over","Over","Over","Over","Over","Over"
"380","NUBPL","Over","Under","Over","Under","Under","Under"
"381","METTL21A","Over","Under","Over","Under","Under","Over"
"382","TUBA3FP","Over","Under","Over","Under","Under","Over"
"383","PNPT1","Under","Under","Over","Under","Under","Over"
"384","EID2B","Over","Under","Over","Under","Under","Under"
"385","RHBDL2","Over","Under","Over","Under","Under","Over"
"386","DTWD2","Over","Under","Over","Under","Under","Over"
"387","XPNPEP3","Over","Under","Over","Under","Under","Over"
"388","MRFAP1","Under","Over","Under","Under","Over","Over"
"389","MBD4","Over","Under","Over","Over","Under","Over"
"390","ROCK2","Over","Under","Over","Under","Under","Over"
"391","SLC35E1","Over","Under","Over","Under","Under","Under"
"392","LCOR","Over","Under","Over","Over","Under","Over"
"393","PPM1K","Over","Under","Over","Under","Under","Under"
"394","HNRNPUL2","Over","Under","Over","Over","Under","Over"
"395","MRPL14","Over","Over","Over","Over","Over","Over"
"396","NLRP8","Over","Under","Over","Under","Under","Over"
"397","MSH3","Over","Under","Over","Under","Under","Over"
"398","INIP","Over","Under","Over","Under","Under","Over"
"399","KLRB1","Over","Over","Under","Over","Over","Under"
"400","ST13","Under","Over","Under","Under","Over","Under"
"401","TOM1","Under","Under","Under","Under","Under","Under"
"402","KIR3DL3","Over","Over","Over","Over","Over","Over"
"403","SYAP1","Over","Under","Over","Over","Under","Over"
"404","C8orf37","Under","Under","Under","Under","Under","Under"
"405","FPR1","Under","Under","Under","Under","Under","Under"
"406","SNAPC1","Over","Under","Over","Over","Under","Over"
"407","ZNF669","Over","Under","Over","Under","Under","Under"
"408","IMPA2","Under","Under","Under","Under","Under","Under"
"409","DAPP1","Over","Under","Over","Over","Under","Over"
"410","CASTOR1","Over","Over","Over","Over","Over","Over"
"411","ATP6V1F","Over","Over","Over","Over","Over","Over"
"412","NSA2","Over","Over","Over","Under","Over","Under"
"413","BLOC1S6","Over","Under","Over","Over","Under","Over"
"414","TNFSF15","Over","Under","Over","Under","Under","Under"
"415","BLZF1","Over","Under","Over","Under","Under","Over"
"416","BLZF1","Over","Under","Over","Under","Under","Over"
"417","GPR1","Over","Under","Over","Under","Under","Under"
"418","UFC1","Under","Over","Under","Under","Over","Under"
"419","CHRNA5","Over","Under","Over","Under","Under","Under"
"420","MCMDC2","Over","Under","Over","Under","Under","Under"
"421","ZNF394","Over","Under","Over","Under","Under","Over"
"422","EXO5","Over","Under","Over","Under","Under","Over"
"423","PRXL2A","Under","Under","Over","Over","Under","Over"
"424","ADAM17","Over","Under","Over","Over","Under","Under"
"425","ETS1","Over","Over","Over","Over","Under","Over"
"426","CCBE1","Over","Under","Over","Under","Under","Over"
"427","CISD1","Over","Over","Under","Under","Over","Under"
"428","ERAP2","Over","Under","Over","Under","Under","Under"
"429","MIGA1","Over","Under","Over","Under","Under","Over"
"430","RPL23AP32","Over","Over","Over","Over","Over","Over"
"431","YBX1","Under","Over","Over","Over","Over","Over"
"432","LMNB1","Under","Under","Under","Under","Under","Under"
"433","CDKN2AIPNL","Over","Under","Over","Under","Under","Over"
"434","DPY30","Over","Over","Under","Under","Over","Under"
"435","ITPK1-AS1","Over","Under","Over","Under","Under","Over"
"436","TMEM126B","Over","Over","Over","Over","Over","Over"
"437","PDCD7","Over","Under","Over","Under","Under","Under"
"438","TUBA1A","Under","Under","Under","Under","Under","Under"
"439","EMC7","Under","Under","Under","Under","Under","Under"
"440","FKBP14","Over","Under","Over","Under","Under","Over"
"441","TMEM267","Over","Under","Over","Over","Under","Under"
"442","SSTR2","Over","Under","Over","Over","Under","Over"
"443","LRBA","Over","Over","Over","Over","Over","Over"
"444","SEMA3E","Over","Under","Over","Over","Under","Under"
"445","RPL10A","Over","Over","Over","Over","Over","Under"
"446","ZNF652","Over","Under","Over","Under","Under","Over"
"447","AKR1D1","Over","Under","Over","Over","Under","Over"
"448","ZNF430","Over","Under","Over","Under","Under","Under"
"449","RPS27","Over","Over","Over","Over","Over","Over"
"450","DMC1","Over","Under","Over","Under","Under","Over"
"451","ENY2","Over","Over","Over","Under","Over","Under"
"452","DENR","Over","Under","Over","Over","Under","Over"
"453","TDRD1","Over","Under","Over","Under","Under","Under"
"454","ITGB2","Under","Under","Under","Under","Under","Under"
"455","ZNF69","Over","Under","Over","Under","Under","Over"
"456","CHP1P2","Over","Under","Over","Under","Under","Under"
"457","SLC16A12","Over","Under","Over","Under","Under","Over"
"458","TPI1","Under","Under","Under","Under","Under","Under"
"459","RPL23AP64","Over","Over","Over","Over","Under","Under"
"460","SHCBP1","Under","Under","Over","Over","Under","Over"
"461","COX7B","Over","Over","Over","Over","Over","Over"
"462","PFKFB3","Under","Under","Under","Under","Under","Under"
"463","KIR3DL2","Over","Over","Over","Over","Over","Over"
"464","TMEM256","Over","Over","Over","Over","Over","Over"
"465","XRCC2","Over","Under","Over","Over","Under","Over"
"466","VSIR","Under","Under","Under","Under","Under","Under"
"467","SHROOM4","Over","Under","Over","Under","Under","Under"
"468","LEP","Over","Under","Over","Under","Under","Under"
"469","RPS17","Over","Over","Over","Over","Over","Over"
"470","ARHGAP15","Under","Under","Under","Under","Under","Under"
"471","TMEM17","Over","Under","Over","Under","Under","Over"
"472","FOXK1","Over","Under","Over","Under","Under","Over"
"473","ZNF577","Over","Under","Over","Over","Under","Over"
"474","LRRFIP1","Over","Under","Over","Over","Under","Over"
"475","ORC6","Under","Under","Over","Under","Under","Over"
"476","DDX51","Over","Under","Over","Under","Under","Under"
"477","LSM1","Over","Over","Over","Over","Over","Over"
"478","AOC4P","Over","Under","Over","Under","Under","Over"
"479","HMGB2","Under","Under","Under","Under","Under","Under"
"480","RPL7L1","Over","Under","Over","Over","Under","Over"
"481","F2R","Over","Under","Over","Under","Under","Over"
"482","N4BP2","Under","Under","Over","Under","Under","Over"
"483","PRDX4","Over","Over","Over","Over","Over","Over"
"484","SLC25A42","Over","Over","Over","Over","Over","Under"
"485","EIF4E3","Under","Under","Under","Under","Under","Over"
"486","ZNF549","Over","Under","Over","Under","Under","Over"
"487","TBC1D32","Over","Under","Over","Over","Under","Over"
"488","PDCD5","Over","Over","Over","Over","Over","Over"
"489","RABGEF1","Under","Under","Under","Over","Under","Under"
"490","GYG1","Under","Under","Under","Under","Under","Under"
"491","IL10RB","Under","Under","Under","Over","Under","Over"
"492","CCDC90B","Under","Over","Over","Over","Over","Over"
"493","SLC7A5P2","Over","Under","Over","Under","Under","Under"
"494","ITIH5","Over","Under","Over","Under","Under","Over"
"495","GRIPAP1","Over","Under","Over","Under","Under","Under"
"496","KCNH6","Over","Under","Over","Under","Under","Under"
"497","CLUAP1","Over","Under","Under","Under","Under","Under"
"498","JHY","Over","Under","Over","Over","Under","Over"
"499","BTF3","Under","Over","Over","Under","Over","Over"
"500","SPTLC1","Over","Under","Over","Under","Under","Over"
"501","BCL11A","Over","Under","Over","Over","Under","Over"
"502","AIRE","Under","Under","Under","Over","Under","Under"
"503","PARP10","Over","Under","Over","Over","Under","Over"
"504","TRIM13","Over","Under","Over","Over","Under","Over"
"505","FEZ1","Over","Over","Over","Over","Over","Over"
"506","SLC44A4","Over","Under","Over","Over","Under","Over"
"507","ERCC1","Over","Over","Over","Over","Over","Over"
"508","GGA1","Over","Under","Over","Under","Under","Over"
"509","FCAR","Over","Under","Over","Over","Under","Over"
"510","ZNF483","Over","Under","Over","Over","Under","Over"
"511","LAMP2","Over","Under","Over","Over","Under","Over"
"512","TDP1","Over","Under","Over","Under","Under","Under"
"513","SEC14L1","Under","Over","Under","Under","Over","Under"
"514","CATSPER2","Over","Under","Over","Under","Under","Over"
"515","CEP19","Over","Under","Over","Over","Under","Over"
"516","S100PBP","Over","Over","Over","Over","Over","Over"
"517","TCAF1","Over","Under","Over","Under","Under","Over"
"518","PPP2R2B","Over","Over","Over","Over","Over","Over"
"519","BMP2K","Under","Over","Over","Over","Over","Over"
"520","LUC7L3","Over","Over","Over","Over","Under","Over"
"521","DMAC2L","Over","Over","Over","Over","Over","Over"
"522","EIF4H","Under","Under","Under","Under","Under","Under"
"523","ZNF682","Over","Under","Over","Over","Under","Over"
"524","LILRB1","Under","Under","Over","Over","Under","Over"
"525","UBE2D3","Under","Over","Under","Over","Over","Over"
"526","RPAIN","Over","Over","Over","Over","Over","Under"
"527","TRIM10","Over","Over","Over","Over","Over","Over"
"528","OCIAD1","Over","Under","Over","Over","Under","Over"
"529","UBC","Under","Under","Under","Under","Under","Under"
"530","MBP","Under","Under","Under","Under","Under","Under"
"531","RPL41","Over","Over","Under","Over","Over","Under"
"532","SUMO2","Under","Over","Under","Under","Over","Under"
"533","CREB1","Over","Under","Over","Over","Under","Over"
"534","CREB1","Over","Under","Over","Under","Under","Over"
"535","RPS15A","Over","Over","Over","Over","Over","Over"
"536","SERPINA1","Under","Under","Under","Under","Under","Under"
"537","CHD2","Under","Over","Under","Under","Over","Under"
"538","VPS28","Over","Over","Over","Over","Over","Over"
"539","UBL5","Over","Over","Over","Over","Over","Over"
"540","PPA2","Over","Under","Over","Under","Under","Over"
"541","ATP5PF","Over","Over","Under","Under","Over","Under"
"542","DICER1","Over","Under","Over","Over","Under","Over"
"543","RNF14","Under","Over","Under","Over","Over","Over"
"544","NDUFAF3","Over","Over","Over","Over","Over","Over"
"545","PSAP","Under","Under","Under","Under","Under","Under"
"546","PFDN5","Over","Over","Over","Over","Over","Under"
"547","MOSPD3","Over","Over","Over","Over","Over","Over"
"548","RBMS1","Under","Under","Over","Under","Under","Over"
"549","ZMAT3","Over","Under","Over","Under","Under","Under"
"550","C19orf12","Under","Over","Under","Under","Over","Under"
"551","RTN3","Under","Under","Under","Under","Under","Under"
"552","SDCBP","Under","Under","Under","Under","Over","Under"
"553","SDCBP","Under","Under","Under","Under","Over","Under"
"554","SLC16A3","Under","Under","Under","Under","Under","Under"
"555","HNRNPU","Over","Under","Over","Under","Under","Over"
"556","MACROH2A1","Under","Under","Under","Under","Under","Under"
"557","DYRK2","Over","Under","Over","Over","Under","Over"
"558","PSMB9","Under","Over","Over","Under","Over","Under"
"559","CSF2RA","Under","Under","Over","Under","Under","Under"
"560","DNPH1","Over","Over","Over","Under","Over","Under"
"561","MTMR3","Under","Under","Under","Under","Under","Under"
"562","CRCP","Over","Under","Over","Under","Under","Over"
"563","VPS41","Over","Under","Over","Over","Under","Over"
"564","CGGBP1","Under","Over","Under","Over","Over","Over"
"565","CCR6","Over","Under","Over","Under","Under","Over"
"566","LAIR1","Over","Under","Over","Under","Under","Under"
"567","TSPAN32","Over","Over","Over","Over","Over","Over"
"568","FPR2","Under","Under","Under","Under","Under","Under"
"569","RTKN","Over","Under","Under","Over","Under","Under"
"570","ICAM4","Over","Over","Over","Over","Over","Over"
"571","FAM177A1","Over","Under","Over","Under","Under","Over"
"572","SLTM","Over","Over","Over","Over","Under","Over"
"573","GJC1","Over","Under","Over","Under","Under","Over"
"574","RFXANK","Over","Over","Over","Over","Over","Over"
"575","CDAN1","Under","Under","Over","Over","Under","Over"
"576","DNAJB6","Under","Over","Under","Under","Under","Under"
"577","SERPINA1","Under","Under","Under","Under","Under","Under"
"578","SULT1A1","Over","Under","Over","Under","Under","Under"
"579","EMC6","Over","Over","Over","Over","Over","Over"
"580","BIRC3","Over","Under","Over","Over","Under","Over"
"581","LILRB3","Under","Under","Over","Under","Under","Over"
"582","RPS17","Over","Over","Over","Over","Over","Over"
"583","IL17RD","Over","Under","Over","Under","Under","Over"
"584","RPL9","Over","Over","Over","Over","Under","Under"
"585","PPM1A","Under","Over","Under","Under","Over","Under"
"586","PCLAF","Over","Under","Over","Under","Under","Under"
"587","SP110","Under","Under","Under","Under","Under","Under"
"588","CFAP74","Over","Under","Over","Under","Under","Over"
"589","RPS29","Over","Over","Under","Over","Over","Under"
"590","RPL15","Over","Over","Over","Over","Over","Over"
"591","HNRNPK","Under","Under","Under","Under","Over","Under"
"592","LINC01160","Over","Under","Over","Over","Under","Over"
"593","RPL21","Over","Over","Over","Over","Over","Over"
"594","FAM126B","Over","Under","Over","Under","Under","Under"
"595","LOC100129931","Over","Over","Over","Over","Over","Over"
"596","ZFAS1","Over","Over","Under","Over","Over","Under"
"597","RPL9","Over","Over","Over","Over","Over","Over"
"598","RPL9","Over","Over","Over","Over","Over","Over"
"599","CAP1","Under","Under","Over","Under","Under","Over"
"600","RPS27","Over","Over","Over","Over","Over","Over"
"601","RPL7A","Over","Over","Over","Over","Over","Over"
"602","RPS27A","Over","Over","Under","Under","Under","Under"
"603","RPLP0","Over","Over","Over","Under","Over","Over"
"604","RPS15A","Over","Over","Over","Over","Over","Over"
"605","MTMR12","Over","Under","Over","Under","Under","Under"
"606","RPS25","Over","Over","Over","Over","Over","Under"
"607","LINC01018","Over","Under","Over","Over","Under","Over"
"608","RPL7","Over","Over","Over","Over","Over","Over"
"609","RPS7","Over","Over","Over","Over","Over","Over"
"610","RPL7A","Over","Over","Under","Over","Over","Under"
"611","RPL26","Over","Over","Over","Over","Over","Over"
"612","PPIA","Under","Over","Under","Under","Under","Under"
"613","PAXIP1-DT","Over","Under","Over","Under","Under","Over"
"614","RPL22","Over","Over","Over","Over","Over","Over"
"615","ZNF738","Over","Under","Over","Under","Under","Over"
"616","RPSAP9","Over","Over","Over","Under","Over","Under"
"617","RPL29","Over","Over","Over","Over","Over","Under"
"618","ZNF876P","Over","Under","Over","Under","Under","Under"
"619","RPS27A","Over","Over","Over","Over","Under","Under"
"620","RPS13","Over","Over","Over","Over","Under","Under"
"621","RPL15","Over","Over","Over","Over","Over","Under"
"622","DYNLL1","Over","Over","Over","Over","Over","Over"
"623","MRI1","Over","Under","Over","Over","Under","Over"
"624","NMT2","Over","Under","Over","Over","Under","Over"
"625","PLPP5","Over","Under","Over","Under","Under","Over"
"626","RPL23AP7","Over","Over","Under","Under","Under","Under"
"627","TOMM6","Over","Over","Over","Over","Over","Over"
"628","FAM83A-AS1","Over","Over","Over","Over","Over","Over"
"629","RPS27","Over","Over","Over","Over","Over","Over"
"630","MFSD14C","Over","Under","Over","Under","Under","Over"
"631","ANXA2P2","Over","Under","Over","Under","Under","Over"
"632","LOC100128288","Over","Under","Over","Under","Under","Over"
"633","RPL26","Over","Over","Over","Over","Over","Over"
"634","C2orf69","Over","Under","Over","Under","Under","Under"
"635","ABRAXAS1","Over","Under","Over","Over","Under","Over"
"636","ZNF674","Over","Under","Over","Under","Under","Over"
"637","BMS1P1","Over","Under","Over","Under","Under","Over"
"638","EGFEM1P","Over","Under","Over","Under","Under","Under"
"639","RPS27","Over","Over","Over","Over","Over","Under"
"640","ITPRIP","Under","Under","Under","Under","Under","Under"
"641","SMCR5","Over","Under","Over","Under","Under","Over"
"642","AEN","Over","Over","Over","Over","Over","Over"
"643","MECR","Over","Under","Over","Over","Under","Over"
"644","S100A11","Under","Under","Under","Under","Under","Under"
"645","RPS18","Over","Over","Over","Over","Over","Under"
"646","QRFPR","Over","Under","Over","Under","Under","Over"
"647","RPL7","Over","Over","Over","Over","Over","Over"
"648","RRP7BP","Over","Under","Over","Under","Under","Under"
"649","GOLGA6L6","Over","Under","Over","Over","Under","Over"
"650","CCDC125","Over","Under","Over","Under","Under","Over"
"651","EPB41L4A-AS1","Over","Over","Over","Over","Over","Over"
"652","RPL23A","Over","Over","Under","Under","Under","Under"
"653","RPS29","Over","Over","Over","Over","Over","Over"
"654","LRRC37BP1","Over","Under","Over","Under","Under","Over"
"655","AQP12B","Over","Over","Over","Over","Over","Over"
"656","RPS15A","Over","Over","Under","Over","Over","Under"
"657","RPL7L1","Over","Under","Over","Under","Under","Over"
"658","SNHG6","Over","Over","Over","Over","Over","Over"
"659","GOLGA6L1","Under","Under","Over","Under","Under","Over"
"660","TMEM106A","Over","Under","Over","Under","Under","Under"
"661","LOC100134868","Over","Under","Over","Over","Under","Over"
"662","LDHA","Under","Under","Under","Under","Under","Under"
"663","C11orf58","Over","Over","Over","Over","Over","Over"
"664","KLHL28","Over","Under","Over","Over","Under","Over"
"665","PNPT1","Over","Under","Over","Under","Under","Over"
"666","ZNF322","Over","Under","Under","Over","Under","Over"
"667","HIGD1A","Over","Over","Over","Over","Over","Over"
"668","SNRPG","Over","Over","Under","Over","Under","Under"
"669","FAM13B","Over","Over","Over","Over","Over","Over"
"670","RAN","Under","Over","Under","Under","Over","Under"
"671","PCYOX1","Over","Under","Over","Over","Under","Over"
"672","FKBP5","Over","Under","Over","Under","Under","Over"
"673","RPL15","Over","Over","Over","Over","Over","Under"
"674","LINC00667","Over","Under","Over","Over","Under","Under"
"675","RPS27","Over","Over","Over","Over","Over","Over"
"676","LINC02591","Over","Under","Over","Under","Under","Over"
"677","CCR6","Over","Under","Over","Over","Under","Over"
"678","HMGB1","Under","Under","Under","Under","Under","Under"
"679","NSA2","Over","Over","Over","Under","Over","Over"
"680","RPS29","Over","Over","Over","Over","Over","Over"
"681","RPL10A","Over","Over","Over","Over","Over","Under"
"682","LINC00957","Over","Under","Over","Over","Under","Over"
"683","RPS27","Over","Over","Over","Over","Over","Over"
"684","EIF4A2","Over","Over","Over","Over","Over","Over"
"685","RPL26","Over","Over","Over","Over","Over","Over"
"686","RPS27","Over","Over","Over","Over","Under","Under"
"687","RPL26","Over","Over","Over","Over","Over","Under"
"688","RPL9","Over","Over","Over","Over","Over","Over"
"689","RPL23AP64","Over","Over","Over","Under","Over","Under"
"690","VPS53","Under","Under","Over","Under","Under","Over"
"691","RPL21","Over","Over","Over","Over","Over","Over"
"692","RPL7","Over","Over","Over","Over","Over","Over"
"693","RPL21","Over","Over","Over","Over","Over","Over"
"694","EEF1A1","Over","Over","Over","Over","Over","Under"
"695","RPS18","Over","Over","Over","Over","Over","Under"
"696","RPL26","Over","Over","Over","Over","Over","Over"
"697","NSA2","Over","Over","Over","Under","Over","Under"
"698","CAP1","Under","Under","Under","Under","Under","Under"
"699","RPL10","Over","Over","Under","Over","Over","Under"
"700","SNRPD2P2","Over","Under","Under","Over","Under","Under"
"701","LOC100507547","Over","Over","Over","Over","Over","Over"
"702","RPSAP9","Over","Over","Over","Under","Under","Under"
"703","RPS15A","Over","Over","Over","Over","Over","Over"
"704","ANKRD63","Over","Over","Over","Over","Over","Over"
"705","RPL26","Over","Over","Over","Over","Under","Under"
"706","RPS15A","Over","Over","Over","Over","Over","Over"
"707","NDUFB4","Over","Over","Under","Under","Over","Under"
"708","PCBP2","Under","Over","Under","Under","Over","Under"
"709","RPL21","Over","Over","Over","Over","Over","Over"
"710","RPS12","Over","Over","Over","Over","Over","Over"
"711","RAMP2-AS1","Under","Under","Over","Under","Under","Over"
"712","RPL6","Over","Over","Over","Under","Over","Under"
"713","RPS28","Over","Over","Over","Over","Over","Under"
"714","RPS15A","Over","Over","Over","Over","Over","Under"
"715","RPS10P7","Over","Over","Over","Over","Under","Over"
"716","RPL22","Over","Over","Over","Over","Over","Under"
"717","IDS","Over","Under","Over","Under","Under","Under"
"718","RPL23A","Over","Over","Under","Over","Over","Under"
"719","RPS13","Over","Over","Under","Over","Over","Under"
"720","RPL15","Over","Over","Under","Over","Over","Under"
"721","RPL7","Over","Over","Over","Over","Over","Over"
"722","C21orf58","Over","Under","Over","Under","Under","Over"
"723","RAN","Under","Over","Under","Under","Under","Under"
"724","MIR1237","Over","Under","Under","Over","Under","Under"
"725","MIR877","Over","Over","Under","Over","Under","Under"
"726","MIR1224","Over","Under","Under","Over","Under","Under"
